url,label
https://www.google.com,0
https://www.facebook.com,0
https://www.amazon.com,0
https://www.microsoft.com,0
https://www.apple.com,0
https://www.github.com,0
https://www.stackoverflow.com,0
https://www.wikipedia.org,0
https://www.youtube.com,0
https://www.twitter.com,0
https://www.linkedin.com,0
https://www.reddit.com,0
https://www.netflix.com,0
https://www.paypal.com,0
https://www.ebay.com,0
https://www.adobe.com,0
https://www.dropbox.com,0
https://www.spotify.com,0
https://www.zoom.us,0
https://www.slack.com,0
https://www.salesforce.com,0
https://www.oracle.com,0
https://www.ibm.com,0
https://www.intel.com,0
https://www.cisco.com,0
https://www.hp.com,0
https://www.dell.com,0
https://www.samsung.com,0
https://www.sony.com,0
https://www.nike.com,0
https://www.walmart.com,0
https://www.target.com,0
https://www.bestbuy.com,0
https://www.chase.com,0
https://www.bankofamerica.com,0
https://www.wellsfargo.com,0
https://www.cnn.com,0
https://www.bbc.com,0
https://www.nytimes.com,0
https://www.theguardian.com,0
https://www.whatsapp.com,0
https://www.instagram.com,0
https://www.snapchat.com,0
https://www.tiktok.com,0
https://www.pinterest.com,0
https://www.tumblr.com,0
https://www.wordpress.com,0
https://www.shopify.com,0
https://www.etsy.com,0
https://www.airbnb.com,0
http://paypa1-secure-login.com/verify?user=123,1
http://amazon-account-update.xyz/login,1
http://secure-bankofamerica-verify.com/signin,1
http://facebook-login-verify.net/account,1
http://apple-id-suspended.com/unlock,1
http://microsoft-support-alert.info/fix,1
http://netflix-billing-update.com/payment,1
http://google-account-recovery.xyz/verify,1
http://paypal-security-center.net/confirm,1
http://ebay-account-suspended.com/restore,1
http://secure-login-amazon.info/account,1
http://facebook-security-check.net/login,1
http://apple-support-center.xyz/verify,1
http://microsoft-office365-login.com/signin,1
http://netfIix-subscription.com/renew,1
http://googleverify-account.com/security,1
http://paypai-secure.com/login?redirect=true,1
http://amaz0n-prime-verify.net/signin,1
http://bank-of-america-secure.xyz/login,1
http://chase-bank-verify.info/account,1
http://wellsfarg0-secure.com/signin,1
http://citibank-verify-now.net/login,1
http://usbank-secure-login.xyz/verify,1
http://instagram-verify-account.com/login,1
http://twitter-security-check.net/verify,1
http://linkedin-account-verify.info/signin,1
http://whatsapp-web-login.xyz/verify,1
http://dropbox-account-restore.com/login,1
http://apple-icloud-locked.net/unlock,1
http://secure-paypal-login.info/confirm,1
http://amazon-gift-card-claim.com/redeem,1
http://free-iphone-winner.xyz/claim,1
http://win-prize-now.com/collect?id=abc123,1
http://covid-relief-fund.xyz/apply,1
http://irs-tax-refund-claim.com/verify,1
http://crypto-investment-returns.net/join,1
http://bitcoin-double-your-money.com/invest,1
http://virus-detected-click-here.net/remove,1
http://your-computer-is-infected.com/fix,1
http://update-your-flash-player.xyz/download,1
http://google-chrome-update-required.com/install,1
http://windows-security-alert.net/scan,1
http://macbook-pro-winner.xyz/collect,1
http://amazon-prime-free-trial-extended.com/claim,1
http://facebook-account-hacked.net/recover,1
http://instagram-blue-tick-verification.xyz/apply,1
http://youtube-monetization-approval.com/verify,1
http://tiktok-creator-fund.net/apply,1
http://spotify-premium-free.xyz/activate,1
http://netflix-free-year.com/redeem,1
http://paypal-money-received.net/collect,1
http://western-union-transfer-pending.com/verify,1
http://dhl-package-delivery-failed.net/reschedule,1
http://fedex-delivery-notification.xyz/track,1
http://ups-delivery-exception.com/resolve,1
http://usps-package-held.net/release,1
http://login-secure.paypa1.com/webscr,1
http://accounts.googIe.com.phishing.net/login,1
http://secure.amaz0n.com.fake-site.xyz/signin,1
http://www.facebok.com/login.php,1
http://www.twltter.com/login,1
http://mail-google-com.secure-login.xyz/accounts,1
http://signin-amazon-com.verify-account.net/login,1
http://update-paypal-account.com/security?token=xyz123,1
http://verify-your-identity-now.com/banking/login,1
http://secure-account-verification.net/bank/signin,1
